{"text": " You are a very beautiful girl.", "segments": [{"id": 0, "seek": 0, "start": 0.0, "end": 3.0, "text": " You are a very beautiful girl.", "tokens": [50364, 509, 366, 257, 588, 2238, 2013, 13, 50514], "temperature": 0.0, "avg_logprob": -0.8674838066101074, "compression_ratio": 0.7894736842105263, "no_speech_prob": 0.29279354214668274}], "language": "kn"}